{
  "listMK": [
    {
      "no": 1,
      "kode_mata_kuliah": "N201702",
      "nama_mata_kuliah": "Bahasa Inggris",
      "semester": 1,
      "kategori": "T",
      "sks": 2,
      "jenis": "Wajib",
      "selesai": true,
      "status": "Aktif",
      "block": false
    },
    {
      "no": 2,
      "kode_mata_kuliah": "A12.66101",
      "nama_mata_kuliah": "Dasar Akuntansi",
      "semester": 1,
      "kategori": "T",
      "sks": 2,
      "jenis": "Wajib",
      "selesai": true,
      "status": "Aktif",
      "block": false
    },
    {
      "no": 3,
      "kode_mata_kuliah": "AF201704",
      "nama_mata_kuliah": "Dasar Dasar Komputasi",
      "semester": 1,
      "kategori": "P",
      "sks": 2,
      "jenis": "Wajib",
      "selesai": true,
      "status": "Aktif",
      "block": false
    },
    {
      "no": 4,
      "kode_mata_kuliah": "A12.56105",
      "nama_mata_kuliah": "Ketrampilan Interpersonal",
      "semester": 1,
      "kategori": "T",
      "sks": 2,
      "jenis": "Wajib",
      "selesai": false,
      "status": "Aktif",
      "block": true
    },
    {
      "no": 5,
      "kode_mata_kuliah": "A12.66102",
      "nama_mata_kuliah": "Konsep Sistem Informasi",
      "semester": 1,
      "kategori": "T",
      "sks": 3,
      "jenis": "Wajib",
      "selesai": true,
      "status": "Aktif",
      "block": false
    },
    {
      "no": 6,
      "kode_mata_kuliah": "A12.66103",
      "nama_mata_kuliah": "Manajemen Dan Bisnis",
      "semester": 1,
      "kategori": "T",
      "sks": 3,
      "jenis": "Wajib",
      "selesai": true,
      "status": "Aktif",
      "block": false
    },
    {
      "no": 7,
      "kode_mata_kuliah": "A12.66104",
      "nama_mata_kuliah": "Matematika Diskrit",
      "semester": 1,
      "kategori": "T",
      "sks": 3,
      "jenis": "Wajib",
      "selesai": true,
      "status": "Aktif",
      "block": false
    },
    {
      "no": 8,
      "kode_mata_kuliah": "N2017054",
      "nama_mata_kuliah": "Pendidikan Agama Budha",
      "semester": 1,
      "kategori": "T",
      "sks": 2,
      "jenis": "Wajib",
      "selesai": false,
      "status": "Aktif",
      "block": true
    },
    {
      "no": 9,
      "kode_mata_kuliah": "N2017055",
      "nama_mata_kuliah": "Pendidikan Agama Hindu",
      "semester": 1,
      "kategori": "T",
      "sks": 2,
      "jenis": "Wajib",
      "selesai": false,
      "status": "Aktif",
      "block": true
    },
    {
      "no": 10,
      "kode_mata_kuliah": "N2017051",
      "nama_mata_kuliah": "Pendidikan Agama Islam",
      "semester": 1,
      "kategori": "T",
      "sks": 2,
      "jenis": "Wajib",
      "selesai": true,
      "status": "Aktif",
      "block": false
    },
    {
      "no": 11,
      "kode_mata_kuliah": "N2017052",
      "nama_mata_kuliah": "Pendidikan Agama Katolik",
      "semester": 1,
      "kategori": "T",
      "sks": 2,
      "jenis": "Wajib",
      "selesai": false,
      "status": "Aktif",
      "block": true
    },
    {
      "no": 12,
      "kode_mata_kuliah": "N2017053",
      "nama_mata_kuliah": "Pendidikan Agama Kristen",
      "semester": 1,
      "kategori": "T",
      "sks": 2,
      "jenis": "Wajib",
      "selesai": false,
      "status": "Aktif",
      "block": true
    },
    {
      "no": 13,
      "kode_mata_kuliah": "U201704",
      "nama_mata_kuliah": "Pengantar Teknologi Informasi",
      "semester": 1,
      "kategori": "T",
      "sks": 2,
      "jenis": "Wajib",
      "selesai": true,
      "status": "Aktif",
      "block": false
    },
    {
      "no": 14,
      "kode_mata_kuliah": "A12.66201",
      "nama_mata_kuliah": "Algoritma Dan Pemrograman I",
      "semester": 2,
      "kategori": "TP",
      "sks": 4,
      "jenis": "Wajib",
      "selesai": true,
      "status": "Aktif",
      "block": false
    },
    {
      "no": 15,
      "kode_mata_kuliah": "A12.66704",
      "nama_mata_kuliah": "Arsitektur Enterprise",
      "semester": 2,
      "kategori": "T",
      "sks": 2,
      "jenis": "Wajib",
      "selesai": false,
      "status": "Aktif",
      "block": false
    },
    {
      "no": 16,
      "kode_mata_kuliah": "A12.66202",
      "nama_mata_kuliah": "Basis Data",
      "semester": 2,
      "kategori": "T",
      "sks": 2,
      "jenis": "Wajib",
      "selesai": true,
      "status": "Aktif",
      "block": false
    },
    {
      "no": 17,
      "kode_mata_kuliah": "A12.66203",
      "nama_mata_kuliah": "Infrastruktur Teknologi Informasi",
      "semester": 2,
      "kategori": "T",
      "sks": 4,
      "jenis": "Wajib",
      "selesai": true,
      "status": "Aktif",
      "block": false
    },
    {
      "no": 18,
      "kode_mata_kuliah": "A12.66402",
      "nama_mata_kuliah": "Interaksi Manusia Dan Komputer",
      "semester": 2,
      "kategori": "T",
      "sks": 2,
      "jenis": "Wajib",
      "selesai": true,
      "status": "Aktif",
      "block": false
    },
    {
      "no": 19,
      "kode_mata_kuliah": "A12.66204",
      "nama_mata_kuliah": "Keterampilan Interpersonal",
      "semester": 2,
      "kategori": "T",
      "sks": 2,
      "jenis": "Wajib",
      "selesai": true,
      "status": "Aktif",
      "block": false
    },
    {
      "no": 20,
      "kode_mata_kuliah": "A12.66205",
      "nama_mata_kuliah": "Matematika Bisnis",
      "semester": 2,
      "kategori": "T",
      "sks": 3,
      "jenis": "Wajib",
      "selesai": true,
      "status": "Aktif",
      "block": false
    },
    {
      "no": 21,
      "kode_mata_kuliah": "A12.66405",
      "nama_mata_kuliah": "Probabilitas Dan Statistika",
      "semester": 2,
      "kategori": "T",
      "sks": 3,
      "jenis": "Wajib",
      "selesai": true,
      "status": "Aktif",
      "block": false
    },
    {
      "no": 22,
      "kode_mata_kuliah": "A12.66301",
      "nama_mata_kuliah": "Algoritma Dan Pemrograman Ii",
      "semester": 3,
      "kategori": "TP",
      "sks": 4,
      "jenis": "Wajib",
      "selesai": true,
      "status": "Aktif",
      "block": false
    },
    {
      "no": 23,
      "kode_mata_kuliah": "A12.66302",
      "nama_mata_kuliah": "Analisa Dan Perancangan Sistem Informasi I",
      "semester": 3,
      "kategori": "T",
      "sks": 2,
      "jenis": "Wajib",
      "selesai": true,
      "status": "Aktif",
      "block": false
    },
    {
      "no": 24,
      "kode_mata_kuliah": "A12.66303",
      "nama_mata_kuliah": "Basis Data Lanjutan",
      "semester": 3,
      "kategori": "TP",
      "sks": 4,
      "jenis": "Wajib",
      "selesai": true,
      "status": "Aktif",
      "block": false
    },
    {
      "no": 25,
      "kode_mata_kuliah": "A12.66501",
      "nama_mata_kuliah": "Data Mining",
      "semester": 3,
      "kategori": "T",
      "sks": 4,
      "jenis": "Wajib",
      "selesai": false,
      "status": "Aktif",
      "block": false
    },
    {
      "no": 26,
      "kode_mata_kuliah": "A12.66304",
      "nama_mata_kuliah": "Konsep E-Bisnis",
      "semester": 3,
      "kategori": "T",
      "sks": 4,
      "jenis": "Wajib",
      "selesai": true,
      "status": "Aktif",
      "block": false
    },
    {
      "no": 27,
      "kode_mata_kuliah": "A12.66305",
      "nama_mata_kuliah": "Manajemen Proses Bisnis",
      "semester": 3,
      "kategori": "T",
      "sks": 3,
      "jenis": "Wajib",
      "selesai": true,
      "status": "Aktif",
      "block": false
    },
    {
      "no": 28,
      "kode_mata_kuliah": "A12.66401",
      "nama_mata_kuliah": "Analisa Dan Perancangan Sistem Informasi Ii",
      "semester": 4,
      "kategori": "T",
      "sks": 4,
      "jenis": "Wajib",
      "selesai": true,
      "status": "Aktif",
      "block": false
    },
    {
      "no": 29,
      "kode_mata_kuliah": "A12.66605",
      "nama_mata_kuliah": "Manajemen Rantai Pasok",
      "semester": 4,
      "kategori": "T",
      "sks": 3,
      "jenis": "Wajib",
      "selesai": true,
      "status": "Aktif",
      "block": false
    },
    {
      "no": 30,
      "kode_mata_kuliah": "B11.6405",
      "nama_mata_kuliah": "Pemasaran Digital",
      "semester": 4,
      "kategori": "T",
      "sks": 3,
      "jenis": "Pilihan",
      "selesai": false,
      "status": "Aktif",
      "block": false
    },
    {
      "no": 31,
      "kode_mata_kuliah": "A12.66403",
      "nama_mata_kuliah": "Pemrograman Berorientasi Obyek",
      "semester": 4,
      "kategori": "TP",
      "sks": 4,
      "jenis": "Wajib",
      "selesai": true,
      "status": "Aktif",
      "block": false
    },
    {
      "no": 32,
      "kode_mata_kuliah": "A12.66404",
      "nama_mata_kuliah": "Pemrograman Web",
      "semester": 4,
      "kategori": "TP",
      "sks": 4,
      "jenis": "Wajib",
      "selesai": true,
      "status": "Aktif",
      "block": false
    },
    {
      "no": 33,
      "kode_mata_kuliah": "A12.66603",
      "nama_mata_kuliah": "Perencanaan Strategis Sistem Informasi",
      "semester": 4,
      "kategori": "T",
      "sks": 3,
      "jenis": "Wajib",
      "selesai": false,
      "status": "Aktif",
      "block": false
    },
    {
      "no": 34,
      "kode_mata_kuliah": "A12.66601",
      "nama_mata_kuliah": "Perencanaan Sumber Daya Perusahaan",
      "semester": 4,
      "kategori": "T",
      "sks": 3,
      "jenis": "Wajib",
      "selesai": false,
      "status": "Aktif",
      "block": false
    },
    {
      "no": 35,
      "kode_mata_kuliah": "B11.6604",
      "nama_mata_kuliah": "Perilaku Keorganisasian",
      "semester": 4,
      "kategori": "T",
      "sks": 3,
      "jenis": "Pilihan",
      "selesai": false,
      "status": "Aktif",
      "block": false
    },
    {
      "no": 36,
      "kode_mata_kuliah": "A15.21203",
      "nama_mata_kuliah": "Public Speaking",
      "semester": 4,
      "kategori": "TP",
      "sks": 3,
      "jenis": "Pilihan",
      "selesai": false,
      "status": "Aktif",
      "block": false
    },
    {
      "no": 37,
      "kode_mata_kuliah": "A12.66621",
      "nama_mata_kuliah": "Analitika Media Sosial",
      "semester": 5,
      "kategori": "T",
      "sks": 4,
      "jenis": "Pilihan",
      "selesai": false,
      "status": "Aktif",
      "block": false
    },
    {
      "no": 38,
      "kode_mata_kuliah": "A12.66631",
      "nama_mata_kuliah": "Aplikasi E-Bisnis",
      "semester": 5,
      "kategori": "T",
      "sks": 4,
      "jenis": "Pilihan",
      "selesai": false,
      "status": "Aktif",
      "block": false
    },
    {
      "no": 39,
      "kode_mata_kuliah": "A12.66611",
      "nama_mata_kuliah": "Implementasi Arsitektur Enterprise",
      "semester": 5,
      "kategori": "T",
      "sks": 4,
      "jenis": "Pilihan",
      "selesai": false,
      "status": "Aktif",
      "block": false
    },
    {
      "no": 40,
      "kode_mata_kuliah": "A12.66702",
      "nama_mata_kuliah": "Manajemen Proyek",
      "semester": 5,
      "kategori": "T",
      "sks": 3,
      "jenis": "Wajib",
      "selesai": false,
      "status": "Aktif",
      "block": false
    },
    {
      "no": 41,
      "kode_mata_kuliah": "A12.66502",
      "nama_mata_kuliah": "Manajemen Sains",
      "semester": 5,
      "kategori": "T",
      "sks": 3,
      "jenis": "Wajib",
      "selesai": true,
      "status": "Aktif",
      "block": false
    },
    {
      "no": 42,
      "kode_mata_kuliah": "A12.66503",
      "nama_mata_kuliah": "Pemrograman Web Lanjut",
      "semester": 5,
      "kategori": "T",
      "sks": 2,
      "jenis": "Wajib",
      "selesai": false,
      "status": "Aktif",
      "block": false
    },
    {
      "no": 43,
      "kode_mata_kuliah": "N201706",
      "nama_mata_kuliah": "Pendidikan Kewarganegaraan",
      "semester": 5,
      "kategori": "T",
      "sks": 2,
      "jenis": "Wajib",
      "selesai": true,
      "status": "Aktif",
      "block": false
    },
    {
      "no": 44,
      "kode_mata_kuliah": "A12.66504",
      "nama_mata_kuliah": "Pengelolaan Hubungan Pelanggan",
      "semester": 5,
      "kategori": "T",
      "sks": 3,
      "jenis": "Wajib",
      "selesai": false,
      "status": "Aktif",
      "block": false
    },
    {
      "no": 45,
      "kode_mata_kuliah": "A12.66506",
      "nama_mata_kuliah": "Sistem Informasi Akuntansi",
      "semester": 5,
      "kategori": "T",
      "sks": 3,
      "jenis": "Wajib",
      "selesai": false,
      "status": "Aktif",
      "block": false
    },
    {
      "no": 46,
      "kode_mata_kuliah": "N201701",
      "nama_mata_kuliah": "Bahasa Indonesia",
      "semester": 6,
      "kategori": "T",
      "sks": 2,
      "jenis": "Wajib",
      "selesai": false,
      "status": "Aktif",
      "block": false
    },
    {
      "no": 47,
      "kode_mata_kuliah": "A12.66632",
      "nama_mata_kuliah": "Bisnis Cerdas",
      "semester": 6,
      "kategori": "T",
      "sks": 4,
      "jenis": "Pilihan",
      "selesai": false,
      "status": "Aktif",
      "block": false
    },
    {
      "no": 48,
      "kode_mata_kuliah": "U201701",
      "nama_mata_kuliah": "Dasar Kewirausahaan",
      "semester": 6,
      "kategori": "T",
      "sks": 2,
      "jenis": "Wajib",
      "selesai": true,
      "status": "Aktif",
      "block": false
    },
    {
      "no": 49,
      "kode_mata_kuliah": "A12.66801",
      "nama_mata_kuliah": "Etika Profesi",
      "semester": 6,
      "kategori": "T",
      "sks": 2,
      "jenis": "Wajib",
      "selesai": true,
      "status": "Aktif",
      "block": false
    },
    {
      "no": 50,
      "kode_mata_kuliah": "A12.66602",
      "nama_mata_kuliah": "Implementasi Dan Pengujian Sistem",
      "semester": 6,
      "kategori": "T",
      "sks": 2,
      "jenis": "Wajib",
      "selesai": false,
      "status": "Aktif",
      "block": false
    },
    {
      "no": 51,
      "kode_mata_kuliah": "A12.66622",
      "nama_mata_kuliah": "Manajemen Big Data",
      "semester": 6,
      "kategori": "T",
      "sks": 4,
      "jenis": "Pilihan",
      "selesai": false,
      "status": "Aktif",
      "block": false
    },
    {
      "no": 52,
      "kode_mata_kuliah": "N201705",
      "nama_mata_kuliah": "Pendidikan Agama",
      "semester": 6,
      "kategori": "T",
      "sks": 2,
      "jenis": "Wajib",
      "selesai": false,
      "status": "Aktif",
      "block": false
    },
    {
      "no": 53,
      "kode_mata_kuliah": "N201707",
      "nama_mata_kuliah": "Pendidikan Pancasila",
      "semester": 6,
      "kategori": "T",
      "sks": 2,
      "jenis": "Wajib",
      "selesai": true,
      "status": "Aktif",
      "block": false
    },
    {
      "no": 54,
      "kode_mata_kuliah": "A12.66604",
      "nama_mata_kuliah": "Sistem Pendukung Keputusan",
      "semester": 6,
      "kategori": "T",
      "sks": 2,
      "jenis": "Wajib",
      "selesai": false,
      "status": "Aktif",
      "block": false
    },
    {
      "no": 55,
      "kode_mata_kuliah": "A12.66612",
      "nama_mata_kuliah": "Tata Kelola Dan Manajemen Teknologi Informasi",
      "semester": 6,
      "kategori": "T",
      "sks": 4,
      "jenis": "Pilihan",
      "selesai": false,
      "status": "Aktif",
      "block": false
    },
    {
      "no": 56,
      "kode_mata_kuliah": "A12.66703",
      "nama_mata_kuliah": "Teknologi Bergerak",
      "semester": 6,
      "kategori": "P",
      "sks": 2,
      "jenis": "Wajib",
      "selesai": false,
      "status": "Aktif",
      "block": false
    },
    {
      "no": 57,
      "kode_mata_kuliah": "A12.66633",
      "nama_mata_kuliah": "Aplikasi Mobile",
      "semester": 7,
      "kategori": "TP",
      "sks": 4,
      "jenis": "Pilihan",
      "selesai": false,
      "status": "Aktif",
      "block": false
    },
    {
      "no": 58,
      "kode_mata_kuliah": "A12.66613",
      "nama_mata_kuliah": "Audit Sistem Informasi",
      "semester": 7,
      "kategori": "T",
      "sks": 4,
      "jenis": "Pilihan",
      "selesai": false,
      "status": "Aktif",
      "block": false
    },
    {
      "no": 59,
      "kode_mata_kuliah": "A12.66701",
      "nama_mata_kuliah": "Kerja Praktek",
      "semester": 7,
      "kategori": "P",
      "sks": 2,
      "jenis": "Wajib",
      "selesai": false,
      "status": "Aktif",
      "block": false
    },
    {
      "no": 60,
      "kode_mata_kuliah": "AF201702",
      "nama_mata_kuliah": "Literasi Informasi",
      "semester": 7,
      "kategori": "T",
      "sks": 2,
      "jenis": "Wajib",
      "selesai": true,
      "status": "Aktif",
      "block": false
    },
    {
      "no": 61,
      "kode_mata_kuliah": "A12.66623",
      "nama_mata_kuliah": "Manajemen Sains Lanjutan",
      "semester": 7,
      "kategori": "T",
      "sks": 4,
      "jenis": "Pilihan",
      "selesai": false,
      "status": "Aktif",
      "block": false
    },
    {
      "no": 62,
      "kode_mata_kuliah": "A12.66705",
      "nama_mata_kuliah": "Metodologi Penelitian",
      "semester": 7,
      "kategori": "T",
      "sks": 2,
      "jenis": "Wajib",
      "selesai": false,
      "status": "Aktif",
      "block": false
    },
    {
      "no": 63,
      "kode_mata_kuliah": "A12.66505",
      "nama_mata_kuliah": "Proteksi Aset Informasi",
      "semester": 7,
      "kategori": "T",
      "sks": 3,
      "jenis": "Wajib",
      "selesai": false,
      "status": "Aktif",
      "block": false
    },
    {
      "no": 64,
      "kode_mata_kuliah": "AF201703",
      "nama_mata_kuliah": "Technopreneurship",
      "semester": 7,
      "kategori": "T",
      "sks": 2,
      "jenis": "Wajib",
      "selesai": false,
      "status": "Aktif",
      "block": false
    },
    {
      "no": 65,
      "kode_mata_kuliah": "A12.66802",
      "nama_mata_kuliah": "Bimbingan Karir",
      "semester": 8,
      "kategori": "T",
      "sks": 2,
      "jenis": "Wajib",
      "selesai": false,
      "status": "Aktif",
      "block": false
    },
    {
      "no": 66,
      "kode_mata_kuliah": "A12.66803",
      "nama_mata_kuliah": "Tugas Akhir",
      "semester": 8,
      "kategori": "T",
      "sks": 6,
      "jenis": "Wajib",
      "selesai": false,
      "status": "Aktif",
      "block": false
    },
    {
      "no": 67,
      "kode_mata_kuliah": "A12.666x1",
      "nama_mata_kuliah": "Mata Kuliah Bidang Minat #1*",
      "semester": 8,
      "kategori": "T",
      "sks": 4,
      "jenis": "Pilihan",
      "selesai": false,
      "status": "Aktif",
      "block": false
    },
    {
      "no": 68,
      "kode_mata_kuliah": "A12.666x2",
      "nama_mata_kuliah": "Mata Kuliah Bidang Minat #2*",
      "semester": 8,
      "kategori": "T",
      "sks": 4,
      "jenis": "Pilihan",
      "selesai": false,
      "status": "Aktif",
      "block": false
    },
    {
      "no": 69,
      "kode_mata_kuliah": "A12.666x3",
      "nama_mata_kuliah": "Mata Kuliah Bidang Minat #3*",
      "semester": 8,
      "kategori": "T",
      "sks": 4,
      "jenis": "Pilihan",
      "selesai": false,
      "status": "Aktif",
      "block": false
    }
  ]
}
